the	1
and	2
for	3
that	4
you	5
with	6
this	7
was	8
are	9
have	10
not	11
but	12
from	13
your	14
all	15
his	16
they	17
one	18
can	19
will	20
just	21
like	22
about	23
out	24
what	25
has	26
when	27
more	28
were	29
who	30
had	31
their	32
there	33
her	34
which	35
time	36
get	37
been	38
would	39
she	40
new	41
how	42
some	43
also	44
them	45
now	46
other	47
its	48
our	49
than	50
good	51
only	52
after	53
first	54
him	55
into	56
know	57
see	58
two	59
make	60
over	61
think	62
any	63
then	64
could	65
back	66
these	67
want	68
well	69
said	70
way	71
most	72
much	73
very	74
where	75
even	76
may	77
here	78
need	79
did	80
right	81
work	82
year	83
years	84
being	85
day	86
too	87
going	88
off	89
why	90
made	91
still	92
take	93
got	94
many	95
never	96
those	97
life	98
say	99
world	100
down	101
great	102
last	103
while	104
best	105
such	106
love	107
man	108
home	109
long	110
look	111
use	112
same	113
used	114
both	115
every	116
come	117
part	118
state	119
three	120
find	121
help	122
high	123
old	124
since	125
does	126
own	127
under	128
game	129
thing	130
give	131
house	132
place	133
again	134
next	135
each	136
end	137
found	138
must	139
show	140
big	141
feel	142
sure	143
team	144
ever	145
keep	146
might	147
put	148
money	149
free	150
away	151
left	152
city	153
days	154
lot	155
name	156
night	157
play	158
until	159
doing	160
few	161
let	162
real	163
set	164
done	165
god	166
group	167
top	168
women	169
care	170
start	171
times	172
week	173
case	174
today	175
full	176
live	177
point	178
read	179
told	180
yet	181
bad	182
four	183
hard	184
mean	185
once	186
tell	187
music	188
power	189
seen	190
stop	191
water	192
based	193
call	194
head	195
men	196
small	197
took	198
white	199
came	200
far	201
job	202
side	203
try	204
went	205
yes	206
later	207
less	208
line	209
order	210
party	211
run	212
says	213
open	214
shit	215
thank	216
using	217
area	218
black	219
law	220
makes	221
war	222
whole	223
car	224
face	225
five	226
kind	227
maybe	228
per	229
story	230
games	231
hope	232
least	233
means	234
news	235
able	236
book	237
early	238
local	239
post	240
video	241
young	242
ago	243
talk	244
court	245
fact	246
given	247
guys	248
half	249
hand	250
level	251
mind	252
often	253
body	254
death	255
food	256
guy	257
hours	258
pay	259
south	260
true	261
fuck	262
known	263
large	264
lost	265
room	266
win	267
wrong	268
along	269
else	270
girl	271
john	272
air	273
bit	274
hit	275
needs	276
nice	277
yeah	278
york	279
class	280
close	281
comes	282
idea	283
looks	284
past	285
cause	286
due	287
happy	288
human	289
move	290
wait	291
woman	292
ask	293
data	294
late	295
leave	296
north	297
saw	298
watch	299
light	300
low	301
short	302
stay	303
taken	304
age	305
buy	306
deal	307
red	308
soon	309
third	310
turn	311
among	312
check	313
form	314
heart	315
act	316
asked	317
child	318
fire	319
fun	320
major	321
media	322
phone	323
art	324
easy	325
gonna	326
near	327
non	328
plan	329
quite	330
six	331
west	332
works	333
final	334
front	335
kids	336
list	337
ready	338
son	339
bring	340
heard	341
meet	342
type	343
baby	344
march	345
song	346
study	347
word	348
clear	349
gave	350
gets	351
month	352
self	353
words	354
board	355
cost	356
cut	357
field	358
held	359
main	360
road	361
seems	362
town	363
wants	364
fight	365
fine	366
force	367
hear	368
issue	369
price	370
rest	371
shows	372
space	373
term	374
wife	375
date	376
goes	377
land	378
miss	379
sex	380
shot	381
site	382
eyes	383
june	384
total	385
above	386
club	387
died	388
film	389
knew	390
lead	391
share	392
won	393
april	394
dead	395
hold	396
sense	397
star	398
test	399
view	400
weeks	401
break	402
event	403
hour	404
sorry	405
takes	406
wish	407
boy	408
girls	409
gold	410
gone	411
guess	412
july	413
king	414
learn	415
added	416
alone	417
bank	418
east	419
hands	420
hot	421
movie	422
park	423
press	424
role	425
sent	426
tried	427
worth	428
areas	429
bill	430
books	431
cool	432
sound	433
value	434
lives	435
rate	436
round	437
save	438
stand	439
stuff	440
tax	441
blue	442
david	443
drive	444
eat	445
fall	446
fast	447
felt	448
green	449
match	450
model	451
size	452
step	453
trust	454
hey	455
key	456
mom	457
page	458
paid	459
range	460
trade	461
upon	462
chief	463
cup	464
hate	465
james	466
led	467
lower	468
send	469
style	470
vote	471
blood	472
china	473
dog	474
hell	475
lord	476
oil	477
stage	478
terms	479
title	480
add	481
born	482
damn	483
enjoy	484
kill	485
met	486
poor	487
code	488
cover	489
door	490
hair	491
legal	492
lose	493
pick	494
race	495
seem	496
seven	497
sign	498
staff	499
super	500
union	501
walk	502
bed	503
began	504
built	505
crazy	506
daily	507
die	508
knows	509
loss	510
ones	511
paper	512
parts	513
safe	514
voice	515
whose	516
army	517
earth	518
goal	519
huge	520
okay	521
rules	522
sea	523
sir	524
ways	525
base	526
below	527
deep	528
lol	529
mark	530
offer	531
pass	532
risk	533
sleep	534
table	535
ten	536
truth	537
ball	538
box	539
build	540
card	541
cases	542
dark	543
india	544
mine	545
note	546
piece	547
visit	548
wall	549
wanna	550
wrote	551
boys	552
etc	553
fans	554
gives	555
pain	556
paul	557
river	558
rock	559
shall	560
speak	561
write	562
album	563
cold	564
eight	565
eye	566
funny	567
peace	568
sales	569
spent	570
store	571
track	572
via	573
ahead	574
allow	575
anti	576
beat	577
brown	578
gas	579
moved	580
plans	581
radio	582
text	583
ass	584
cross	585
focus	586
ice	587
join	588
kept	589
loved	590
miles	591
sort	592
speed	593
drop	594
fair	595
feet	596
jesus	597
kid	598
link	599
sale	600
tour	601
extra	602
jobs	603
quick	604
sell	605
agree	606
clean	607
photo	608
san	609
scene	610
sold	611
spend	612
sun	613
teams	614
coach	615
costs	616
gun	617
heavy	618
train	619
wide	620
wow	621
claim	622
dad	623
fear	624
fit	625
goals	626
gotta	627
hotel	628
judge	629
lady	630
lines	631
named	632
plus	633
pre	634
unit	635
bar	636
brain	637
floor	638
hurt	639
image	640
meant	641
pro	642
reach	643
rule	644
civil	645
dance	646
none	647
ship	648
stock	649
trump	650
worst	651
band	652
beach	653
cash	654
ended	655
fan	656
lack	657
older	658
wear	659
calls	660
color	661
dream	662
grand	663
luck	664
names	665
rich	666
skin	667
sweet	668
thus	669
touch	670
doubt	671
drink	672
feels	673
fish	674
gay	675
glad	676
grow	677
shown	678
sit	679
trip	680
basic	681
carry	682
cars	683
crime	684
fully	685
japan	686
laws	687
male	688
mrs	689
plant	690
smith	691
spot	692
texas	693
worse	694
award	695
block	696
holy	697
lived	698
lots	699
peter	700
rates	701
shop	702
sick	703
uses	704
avoid	705
catch	706
cell	707
coast	708
drug	709
foot	710
hall	711
mass	712
nine	713
pop	714
ran	715
trial	716
truly	717
app	718
heat	719
obama	720
queen	721
stars	722
broke	723
fat	724
fell	725
glass	726
prior	727
ride	728
royal	729
serve	730
slow	731
tree	732
types	733
whom	734
begin	735
ideas	736
lie	737
notes	738
plays	739
runs	740
sad	741
songs	742
twice	743
wind	744
worry	745
brand	746
bus	747
cent	748
count	749
fresh	750
lake	751
mouth	752
owner	753
scale	754
score	755
smart	756
throw	757
tom	758
views	759
arms	760
click	761
faith	762
fund	763
hill	764
jack	765
louis	766
metal	767
mid	768
paris	769
pull	770
push	771
rose	772
seat	773
agent	774
apply	775
basis	776
chris	777
draw	778
dude	779
enter	780
gain	781
http	782
prime	783
ring	784
rise	785
soul	786
waste	787
weird	788
adult	789
grade	790
mike	791
stone	792
users	793
wild	794
bag	795
bet	796
camp	797
cast	798
firm	799
till	800
apart	801
aware	802
cat	803
fifth	804
gift	805
items	806
joe	807
los	808
mary	809
nor	810
proud	811
shut	812
tells	813
van	814
wood	815
birth	816
copy	817
dear	818
dogs	819
drugs	820
host	821
inc	822
labor	823
lucky	824
onto	825
prove	826
rare	827
tough	828
units	829
alive	830
apple	831
bitch	832
boss	833
cards	834
dress	835
horse	836
liked	837
magic	838
map	839
net	840
owned	841
stick	842
turns	843
wake	844
aid	845
busy	846
cells	847
ends	848
farm	849
file	850
fix	851
fly	852
frank	853
guide	854
raise	855
roll	856
treat	857
yours	858
youth	859
dont	860
dry	861
edge	862
evil	863
funds	864
helps	865
henry	866
iron	867
mad	868
sites	869
web	870
wine	871
arm	872
bay	873
blog	874
core	875
exist	876
forms	877
guard	878
jones	879
lee	880
lies	881
likes	882
port	883
shoot	884
sides	885
solid	886
sport	887
steps	888
taste	889
tea	890
facts	891
flat	892
fuel	893
harry	894
hello	895
ill	896
kick	897
links	898
mail	899
pair	900
plane	901
scott	902
shape	903
sky	904
upper	905
zone	906
bear	907
boat	908
cheap	909
duty	910
joint	911
mix	912
path	913
rain	914
signs	915
steel	916
steve	917
tired	918
vice	919
warm	920
arts	921
beer	922
crew	923
crowd	924
dick	925
enemy	926
fixed	927
limit	928
moon	929
ocean	930
proof	931
suit	932
wins	933
asian	934
banks	935
ben	936
chair	937
debt	938
grew	939
homes	940
honor	941
jump	942
noted	943
ray	944
sets	945
tech	946
trees	947
user	948
email	949
flow	950
hero	951
joke	952
loan	953
soft	954
stuck	955
sugar	956
drama	957
entry	958
era	959
feed	960
grant	961
grown	962
heads	963
keeps	964
legs	965
lying	966
pool	967
route	968
saved	969
shoes	970
smoke	971
squad	972
teach	973
tests	974
abuse	975
angry	976
fox	977
guns	978
hole	979
italy	980
laugh	981
leg	982
loves	983
lunch	984
max	985
milk	986
pack	987
snow	988
storm	989
sub	990
weak	991
actor	992
asia	993
chain	994
cook	995
cute	996
equal	997
fake	998
hits	999
korea	1000
leads	1001
posts	1002
quiet	1003
split	1004
task	1005
taxes	1006
urban	1007
acts	1008
fault	1009
fill	1010
films	1011
lay	1012
mixed	1013
phase	1014
pure	1015
sam	1016
sat	1017
smile	1018
tony	1019
truck	1020
votes	1021
bird	1022
blame	1023
bob	1024
bowl	1025
dying	1026
falls	1027
false	1028
fired	1029
iii	1030
meat	1031
mode	1032
neck	1033
novel	1034
shirt	1035
shots	1036
zero	1037
alex	1038
cream	1039
giant	1040
iran	1041
jail	1042
jim	1043
mayor	1044
minor	1045
pages	1046
theme	1047
tiny	1048
usual	1049
voted	1050
walls	1051
wave	1052
draft	1053
drunk	1054
fail	1055
finds	1056
ohio	1057
seek	1058
solo	1059
spoke	1060
talks	1061
upset	1062
wing	1063
birds	1064
bomb	1065
cycle	1066
don	1067
goods	1068
hang	1069
holds	1070
info	1071
row	1072
salt	1073
wales	1074
armed	1075
aside	1076
bell	1077
blow	1078
bond	1079
cry	1080
deals	1081
empty	1082
faces	1083
folks	1084
kim	1085
kinda	1086
mile	1087
moves	1088
nick	1089
prize	1090
rural	1091
ryan	1092
sees	1093
spain	1094
tools	1095
wars	1096
admit	1097
favor	1098
flag	1099
frame	1100
guest	1101
kiss	1102
load	1103
plot	1104
rent	1105
teeth	1106
tips	1107
adam	1108
bbc	1109
bunch	1110
chat	1111
diet	1112
fruit	1113
index	1114
item	1115
lane	1116
mess	1117
navy	1118
shift	1119
stood	1120
tank	1121
tend	1122
tight	1123
yard	1124
crown	1125
golf	1126
grace	1127
kevin	1128
laid	1129
rooms	1130
tool	1131
ban	1132
chose	1133
crash	1134
depth	1135
dirty	1136
error	1137
joy	1138
mate	1139
matt	1140
noise	1141
panel	1142
plate	1143
rice	1144
roads	1145
roof	1146
shame	1147
ships	1148
tip	1149
bible	1150
cable	1151
calm	1152
dates	1153
doors	1154
dumb	1155
hide	1156
irish	1157
multi	1158
nfl	1159
print	1160
quit	1161
sight	1162
sing	1163
wet	1164
ages	1165
bike	1166
broad	1167
burn	1168
cake	1169
drawn	1170
fees	1171
haha	1172
hat	1173
hong	1174
loud	1175
motor	1176
peak	1177
puts	1178
raw	1179
seats	1180
solar	1181
tries	1182
balls	1183
bills	1184
blind	1185
brief	1186
chest	1187
debut	1188
grab	1189
paint	1190
pilot	1191
pink	1192
steam	1193
tall	1194
thats	1195
aim	1196
cap	1197
clubs	1198
dan	1199
exact	1200
fed	1201
fee	1202
kinds	1203
lets	1204
loans	1205
lock	1206
nose	1207
quote	1208
semi	1209
swear	1210
tie	1211
tim	1212
trend	1213
wise	1214
yards	1215
aged	1216
bread	1217
eggs	1218
ford	1219
gang	1220
greek	1221
inner	1222
lift	1223
porn	1224
reply	1225
rid	1226
roman	1227
sons	1228
tower	1229
wheel	1230
bush	1231
coal	1232
davis	1233
dna	1234
eric	1235
faced	1236
filed	1237
hunt	1238
inch	1239
jury	1240
kong	1241
marks	1242
pride	1243
rough	1244
santa	1245
smell	1246
tone	1247
topic	1248
vast	1249
auto	1250
earn	1251
grey	1252
latin	1253
lewis	1254
meal	1255
pants	1256
rape	1257
rush	1258
sarah	1259
sharp	1260
simon	1261
trick	1262
audio	1263
bone	1264
brian	1265
chart	1266
gap	1267
gate	1268
harm	1269
jews	1270
ltd	1271
miami	1272
mount	1273
occur	1274
tears	1275
thin	1276
tied	1277
argue	1278
awful	1279
bound	1280
cats	1281
ceo	1282
cloud	1283
drew	1284
egg	1285
files	1286
gear	1287
hills	1288
hip	1289
jason	1290
loose	1291
moral	1292
shock	1293
thick	1294
threw	1295
tons	1296
wash	1297
acid	1298
alan	1299
angel	1300
bars	1301
bonus	1302
duke	1303
egypt	1304
flash	1305
fort	1306
gray	1307
gross	1308
jeff	1309
luke	1310
mac	1311
math	1312
minds	1313
pet	1314
refer	1315
rome	1316
trail	1317
uncle	1318
woods	1319
asks	1320
badly	1321
bath	1322
chase	1323
dave	1324
ideal	1325
jimmy	1326
kelly	1327
mini	1328
mood	1329
rank	1330
roles	1331
sand	1332
tag	1333
tape	1334
wage	1335
wings	1336
andy	1337
bags	1338
clock	1339
desk	1340
ear	1341
fbi	1342
gym	1343
iraq	1344
label	1345
naked	1346
opens	1347
pitch	1348
pizza	1349
plain	1350
rear	1351
wire	1352
anger	1353
belt	1354
comic	1355
cops	1356
cuts	1357
ghost	1358
https	1359
islam	1360
jane	1361
kit	1362
lab	1363
maps	1364
min	1365
newly	1366
odd	1367
sexy	1368
skill	1369
soil	1370
solve	1371
suck	1372
trash	1373
ugly	1374
vegas	1375
virus	1376
boost	1377
crack	1378
deck	1379
dies	1380
dust	1381
dutch	1382
foods	1383
hired	1384
kings	1385
knife	1386
mum	1387
rail	1388
root	1389
saint	1390
steal	1391
tho	1392
trans	1393
ups	1394
vol	1395
bid	1396
bro	1397
buddy	1398
cares	1399
crap	1400
dean	1401
delay	1402
elite	1403
forth	1404
gods	1405
hire	1406
hop	1407
hopes	1408
layer	1409
marry	1410
nah	1411
nurse	1412
pot	1413
pray	1414
rugby	1415
sake	1416
sheet	1417
stops	1418
syria	1419
arab	1420
bench	1421
bye	1422
gary	1423
idiot	1424
keys	1425
medal	1426
nba	1427
pan	1428
roger	1429
ross	1430
shell	1431
silly	1432
towns	1433
yep	1434
adds	1435
allen	1436
angle	1437
clark	1438
firms	1439
forum	1440
gifts	1441
grass	1442
hence	1443
jay	1444
lists	1445
mill	1446
pace	1447
pen	1448
pope	1449
races	1450
rapid	1451
rocks	1452
sixth	1453
spin	1454
sucks	1455
valid	1456
vital	1457
anna	1458
bands	1459
cop	1460
creek	1461
fraud	1462
honey	1463
hook	1464
lands	1465
log	1466
phil	1467
ratio	1468
scary	1469
seed	1470
sin	1471
spell	1472
sword	1473
ward	1474
waves	1475
wayne	1476
begun	1477
cents	1478
coat	1479
daddy	1480
diego	1481
doc	1482
drove	1483
ears	1484
fate	1485
gene	1486
glory	1487
jean	1488
juice	1489
logic	1490
meets	1491
strip	1492
tube	1493
ann	1494
apps	1495
cant	1496
dozen	1497
epic	1498
exit	1499
fancy	1500
holes	1501
input	1502
josh	1503
knock	1504
lips	1505
ought	1506
poll	1507
rep	1508
rio	1509
risks	1510
rob	1511
tear	1512
ties	1513
wolf	1514
ate	1515
bears	1516
blues	1517
boxes	1518
bruce	1519
bull	1520
deny	1521
ease	1522
fame	1523
flood	1524
kate	1525
kills	1526
maria	1527
rally	1528
roots	1529
shops	1530
sum	1531
swing	1532
tail	1533
texts	1534
twin	1535
alert	1536
arena	1537
billy	1538
boom	1539
boots	1540
brave	1541
drops	1542
fleet	1543
gen	1544
iowa	1545
jokes	1546
knee	1547
parks	1548
rings	1549
robin	1550
shake	1551
shore	1552
spots	1553
stats	1554
teen	1555
trap	1556
ads	1557
anne	1558
bang	1559
blast	1560
bones	1561
cure	1562
del	1563
eve	1564
ian	1565
pound	1566
punch	1567
rick	1568
walks	1569
ali	1570
bite	1571
chip	1572
dare	1573
fewer	1574
grave	1575
jazz	1576
jon	1577
mask	1578
mouse	1579
oscar	1580
piano	1581
ruin	1582
saudi	1583
sean	1584
sec	1585
slave	1586
bat	1587
bow	1588
cape	1589
craft	1590
devil	1591
edit	1592
gates	1593
hurts	1594
nuts	1595
rated	1596
ruled	1597
sauce	1598
seal	1599
slide	1600
stem	1601
tiger	1602
toy	1603
